Title,Price (£),Date,Time
Data Science Tshirt Presents Data Scientist Data Science T-Shirt Funny Definition Gift T-Shirt,17.49,11/06/2026,22:38:05
Data Science Tshirt Presents Data Scientist Data Science T-Shirt Funny Definition Gift T-Shirt,17.49,11/06/2026,22:38:17
Data Science Tshirt Presents Data Scientist Data Science T-Shirt Funny Definition Gift T-Shirt,17.49,11/06/2026,22:38:28
Data Science Tshirt Presents Data Scientist Data Science T-Shirt Funny Definition Gift T-Shirt,17.49,11/06/2026,22:38:39
Data Science Tshirt Presents Data Scientist Data Science T-Shirt Funny Definition Gift T-Shirt,17.49,11/06/2026,22:38:51
Data Science Tshirt Presents Data Scientist Data Science T-Shirt Funny Definition Gift T-Shirt,17.49,11/06/2026,22:39:02
Data Science Tshirt Presents Data Scientist Data Science T-Shirt Funny Definition Gift T-Shirt,17.49,11/06/2026,22:39:14
Data Science Tshirt Presents Data Scientist Data Science T-Shirt Funny Definition Gift T-Shirt,17.49,11/06/2026,22:39:25
Data Science Tshirt Presents Data Scientist Data Science T-Shirt Funny Definition Gift T-Shirt,17.49,11/06/2026,22:39:36
Data Science Tshirt Presents Data Scientist Data Science T-Shirt Funny Definition Gift T-Shirt,17.49,11/06/2026,22:39:48
Data Science Tshirt Presents Data Scientist Data Science T-Shirt Funny Definition Gift T-Shirt,17.49,11/06/2026,22:39:59
Data Science Tshirt Presents Data Scientist Data Science T-Shirt Funny Definition Gift T-Shirt,17.49,11/06/2026,22:40:10
Data Science Tshirt Presents Data Scientist Data Science T-Shirt Funny Definition Gift T-Shirt,17.49,11/06/2026,22:40:22
Data Science Tshirt Presents Data Scientist Data Science T-Shirt Funny Definition Gift T-Shirt,17.49,11/06/2026,22:40:33
Data Science Tshirt Presents Data Scientist Data Science T-Shirt Funny Definition Gift T-Shirt,17.49,11/06/2026,22:40:45
Data Science Tshirt Presents Data Scientist Data Science T-Shirt Funny Definition Gift T-Shirt,17.49,11/06/2026,22:40:56
Data Science Tshirt Presents Data Scientist Data Science T-Shirt Funny Definition Gift T-Shirt,17.49,11/06/2026,22:41:07
Data Science Tshirt Presents Data Scientist Data Science T-Shirt Funny Definition Gift T-Shirt,17.49,11/06/2026,22:41:19
Data Science Tshirt Presents Data Scientist Data Science T-Shirt Funny Definition Gift T-Shirt,17.49,11/06/2026,22:41:30
Data Science Tshirt Presents Data Scientist Data Science T-Shirt Funny Definition Gift T-Shirt,17.49,11/06/2026,22:41:41
Data Science Tshirt Presents Data Scientist Data Science T-Shirt Funny Definition Gift T-Shirt,17.49,11/06/2026,22:41:53
Data Science Tshirt Presents Data Scientist Data Science T-Shirt Funny Definition Gift T-Shirt,17.49,11/06/2026,22:42:04
Data Science Tshirt Presents Data Scientist Data Science T-Shirt Funny Definition Gift T-Shirt,17.49,11/06/2026,22:42:16
Data Science Tshirt Presents Data Scientist Data Science T-Shirt Funny Definition Gift T-Shirt,17.49,11/06/2026,22:42:27
Data Science Tshirt Presents Data Scientist Data Science T-Shirt Funny Definition Gift T-Shirt,17.49,11/06/2026,22:42:38
Data Science Tshirt Presents Data Scientist Data Science T-Shirt Funny Definition Gift T-Shirt,17.49,11/06/2026,22:42:50
Data Science Tshirt Presents Data Scientist Data Science T-Shirt Funny Definition Gift T-Shirt,17.49,11/06/2026,22:43:01
Data Science Tshirt Presents Data Scientist Data Science T-Shirt Funny Definition Gift T-Shirt,17.49,11/06/2026,22:43:12
Data Science Tshirt Presents Data Scientist Data Science T-Shirt Funny Definition Gift T-Shirt,17.49,11/06/2026,22:43:24
Data Science Tshirt Presents Data Scientist Data Science T-Shirt Funny Definition Gift T-Shirt,17.49,11/06/2026,22:43:35
Data Science Tshirt Presents Data Scientist Data Science T-Shirt Funny Definition Gift T-Shirt,17.49,11/06/2026,22:43:47
Data Science Tshirt Presents Data Scientist Data Science T-Shirt Funny Definition Gift T-Shirt,17.49,11/06/2026,22:43:58
Data Science Tshirt Presents Data Scientist Data Science T-Shirt Funny Definition Gift T-Shirt,17.49,11/06/2026,22:44:09
Data Science Tshirt Presents Data Scientist Data Science T-Shirt Funny Definition Gift T-Shirt,17.49,11/06/2026,22:44:21
Data Science Tshirt Presents Data Scientist Data Science T-Shirt Funny Definition Gift T-Shirt,17.49,11/06/2026,22:44:32
Data Science Tshirt Presents Data Scientist Data Science T-Shirt Funny Definition Gift T-Shirt,17.49,11/06/2026,22:44:44
Data Science Tshirt Presents Data Scientist Data Science T-Shirt Funny Definition Gift T-Shirt,17.49,11/06/2026,22:44:55
Data Science Tshirt Presents Data Scientist Data Science T-Shirt Funny Definition Gift T-Shirt,17.49,11/06/2026,22:45:07
Data Science Tshirt Presents Data Scientist Data Science T-Shirt Funny Definition Gift T-Shirt,17.49,11/06/2026,22:45:18
Data Science Tshirt Presents Data Scientist Data Science T-Shirt Funny Definition Gift T-Shirt,17.49,11/06/2026,22:45:29
Data Science Tshirt Presents Data Scientist Data Science T-Shirt Funny Definition Gift T-Shirt,17.49,11/06/2026,22:45:41
Data Science Tshirt Presents Data Scientist Data Science T-Shirt Funny Definition Gift T-Shirt,17.49,11/06/2026,22:45:52
Data Science Tshirt Presents Data Scientist Data Science T-Shirt Funny Definition Gift T-Shirt,17.49,11/06/2026,22:46:03
Data Science Tshirt Presents Data Scientist Data Science T-Shirt Funny Definition Gift T-Shirt,17.49,11/06/2026,22:46:15
Data Science Tshirt Presents Data Scientist Data Science T-Shirt Funny Definition Gift T-Shirt,17.49,11/06/2026,22:46:26
Data Science Tshirt Presents Data Scientist Data Science T-Shirt Funny Definition Gift T-Shirt,17.49,11/06/2026,22:46:37
Data Science Tshirt Presents Data Scientist Data Science T-Shirt Funny Definition Gift T-Shirt,17.49,11/06/2026,22:46:49
Data Science Tshirt Presents Data Scientist Data Science T-Shirt Funny Definition Gift T-Shirt,17.49,11/06/2026,22:47:00
Data Science Tshirt Presents Data Scientist Data Science T-Shirt Funny Definition Gift T-Shirt,17.49,11/06/2026,22:47:11
Data Science Tshirt Presents Data Scientist Data Science T-Shirt Funny Definition Gift T-Shirt,17.49,11/06/2026,22:47:23
Data Science Tshirt Presents Data Scientist Data Science T-Shirt Funny Definition Gift T-Shirt,17.49,11/06/2026,22:47:34
Data Science Tshirt Presents Data Scientist Data Science T-Shirt Funny Definition Gift T-Shirt,17.49,11/06/2026,22:47:45
Data Science Tshirt Presents Data Scientist Data Science T-Shirt Funny Definition Gift T-Shirt,17.49,11/06/2026,22:47:57
Data Science Tshirt Presents Data Scientist Data Science T-Shirt Funny Definition Gift T-Shirt,17.49,11/06/2026,22:48:08
Data Science Tshirt Presents Data Scientist Data Science T-Shirt Funny Definition Gift T-Shirt,17.49,11/06/2026,22:48:20
Data Science Tshirt Presents Data Scientist Data Science T-Shirt Funny Definition Gift T-Shirt,17.49,11/06/2026,22:48:31
Data Science Tshirt Presents Data Scientist Data Science T-Shirt Funny Definition Gift T-Shirt,17.49,11/06/2026,22:48:43
Data Science Tshirt Presents Data Scientist Data Science T-Shirt Funny Definition Gift T-Shirt,17.49,11/06/2026,22:48:54
Data Science Tshirt Presents Data Scientist Data Science T-Shirt Funny Definition Gift T-Shirt,17.49,11/06/2026,22:49:05
Data Science Tshirt Presents Data Scientist Data Science T-Shirt Funny Definition Gift T-Shirt,17.49,11/06/2026,22:49:17
Data Science Tshirt Presents Data Scientist Data Science T-Shirt Funny Definition Gift T-Shirt,17.49,11/06/2026,22:49:28
Data Science Tshirt Presents Data Scientist Data Science T-Shirt Funny Definition Gift T-Shirt,17.49,11/06/2026,22:49:39
Data Science Tshirt Presents Data Scientist Data Science T-Shirt Funny Definition Gift T-Shirt,17.49,11/06/2026,22:49:51
Data Science Tshirt Presents Data Scientist Data Science T-Shirt Funny Definition Gift T-Shirt,17.49,11/06/2026,22:50:02
Data Science Tshirt Presents Data Scientist Data Science T-Shirt Funny Definition Gift T-Shirt,17.49,11/06/2026,22:50:14
Data Science Tshirt Presents Data Scientist Data Science T-Shirt Funny Definition Gift T-Shirt,17.49,11/06/2026,22:50:25
Data Science Tshirt Presents Data Scientist Data Science T-Shirt Funny Definition Gift T-Shirt,17.49,11/06/2026,22:50:37
Data Science Tshirt Presents Data Scientist Data Science T-Shirt Funny Definition Gift T-Shirt,17.49,11/06/2026,22:50:48
Data Science Tshirt Presents Data Scientist Data Science T-Shirt Funny Definition Gift T-Shirt,17.49,11/06/2026,22:50:59
Data Science Tshirt Presents Data Scientist Data Science T-Shirt Funny Definition Gift T-Shirt,17.49,11/06/2026,22:51:11
Data Science Tshirt Presents Data Scientist Data Science T-Shirt Funny Definition Gift T-Shirt,17.49,11/06/2026,22:51:22
Data Science Tshirt Presents Data Scientist Data Science T-Shirt Funny Definition Gift T-Shirt,17.49,11/06/2026,22:51:34
Data Science Tshirt Presents Data Scientist Data Science T-Shirt Funny Definition Gift T-Shirt,17.49,11/06/2026,22:51:45
Data Science Tshirt Presents Data Scientist Data Science T-Shirt Funny Definition Gift T-Shirt,17.49,11/06/2026,22:51:56
Data Science Tshirt Presents Data Scientist Data Science T-Shirt Funny Definition Gift T-Shirt,17.49,11/06/2026,22:52:08
Data Science Tshirt Presents Data Scientist Data Science T-Shirt Funny Definition Gift T-Shirt,17.49,11/06/2026,22:52:19
Data Science Tshirt Presents Data Scientist Data Science T-Shirt Funny Definition Gift T-Shirt,17.49,11/06/2026,22:52:30
Data Science Tshirt Presents Data Scientist Data Science T-Shirt Funny Definition Gift T-Shirt,17.49,11/06/2026,22:52:42
Data Science Tshirt Presents Data Scientist Data Science T-Shirt Funny Definition Gift T-Shirt,17.49,11/06/2026,22:52:53
Data Science Tshirt Presents Data Scientist Data Science T-Shirt Funny Definition Gift T-Shirt,17.49,11/06/2026,22:53:04
Data Science Tshirt Presents Data Scientist Data Science T-Shirt Funny Definition Gift T-Shirt,17.49,11/06/2026,22:53:16
Data Science Tshirt Presents Data Scientist Data Science T-Shirt Funny Definition Gift T-Shirt,17.49,11/06/2026,22:53:27
Data Science Tshirt Presents Data Scientist Data Science T-Shirt Funny Definition Gift T-Shirt,17.49,11/06/2026,22:53:39
Data Science Tshirt Presents Data Scientist Data Science T-Shirt Funny Definition Gift T-Shirt,17.49,11/06/2026,22:53:50
Data Science Tshirt Presents Data Scientist Data Science T-Shirt Funny Definition Gift T-Shirt,17.49,11/06/2026,22:54:02
Data Science Tshirt Presents Data Scientist Data Science T-Shirt Funny Definition Gift T-Shirt,17.49,11/06/2026,22:54:13
Data Science Tshirt Presents Data Scientist Data Science T-Shirt Funny Definition Gift T-Shirt,17.49,11/06/2026,22:54:24
Data Science Tshirt Presents Data Scientist Data Science T-Shirt Funny Definition Gift T-Shirt,17.49,11/06/2026,22:54:36
Data Science Tshirt Presents Data Scientist Data Science T-Shirt Funny Definition Gift T-Shirt,17.49,11/06/2026,22:54:47
Data Science Tshirt Presents Data Scientist Data Science T-Shirt Funny Definition Gift T-Shirt,17.49,11/06/2026,22:54:59
Data Science Tshirt Presents Data Scientist Data Science T-Shirt Funny Definition Gift T-Shirt,17.49,11/06/2026,22:55:10
Data Science Tshirt Presents Data Scientist Data Science T-Shirt Funny Definition Gift T-Shirt,17.49,11/06/2026,22:55:21
Data Science Tshirt Presents Data Scientist Data Science T-Shirt Funny Definition Gift T-Shirt,17.49,11/06/2026,22:55:34
Data Science Tshirt Presents Data Scientist Data Science T-Shirt Funny Definition Gift T-Shirt,17.49,11/06/2026,22:55:45
Data Science Tshirt Presents Data Scientist Data Science T-Shirt Funny Definition Gift T-Shirt,17.49,11/06/2026,22:55:56
Data Science Tshirt Presents Data Scientist Data Science T-Shirt Funny Definition Gift T-Shirt,17.49,11/06/2026,22:56:08
Data Science Tshirt Presents Data Scientist Data Science T-Shirt Funny Definition Gift T-Shirt,17.49,11/06/2026,22:56:19
Data Science Tshirt Presents Data Scientist Data Science T-Shirt Funny Definition Gift T-Shirt,17.49,11/06/2026,22:56:32
Data Science Tshirt Presents Data Scientist Data Science T-Shirt Funny Definition Gift T-Shirt,17.49,11/06/2026,22:56:43
Data Science Tshirt Presents Data Scientist Data Science T-Shirt Funny Definition Gift T-Shirt,17.49,11/06/2026,22:56:54
